-- MiniMeet Demo Seed Data
-- Run this after creating an account with demo@gmail.com / password
-- Or run via: supabase db reset (which applies migrations + seed)

-- ============================================================================
-- DEMO USER (only works in local dev - for production, sign up normally)
-- ============================================================================

-- Create demo user in auth.users (password: "password")
-- Note: This only works in local Supabase. For hosted, sign up via the app.
INSERT INTO auth.users (
  id,
  instance_id,
  email,
  encrypted_password,
  email_confirmed_at,
  created_at,
  updated_at,
  raw_app_meta_data,
  raw_user_meta_data,
  aud,
  role,
  confirmation_token,
  recovery_token,
  email_change,
  email_change_token_new,
  email_change_token_current,
  phone,
  phone_change,
  phone_change_token,
  reauthentication_token
) VALUES (
  'a1b2c3d4-e5f6-7890-abcd-ef1234567890',
  '00000000-0000-0000-0000-000000000000',
  'demo@gmail.com',
  crypt('password', gen_salt('bf')),
  NOW(),
  NOW(),
  NOW(),
  '{"provider": "email", "providers": ["email"]}',
  '{"full_name": "Demo User"}',
  'authenticated',
  'authenticated',
  '',
  '',
  '',
  '',
  '',
  '',
  '',
  '',
  ''
) ON CONFLICT (id) DO NOTHING;

-- Create identity for the user (required for auth to work)
INSERT INTO auth.identities (
  id,
  user_id,
  provider_id,
  provider,
  identity_data,
  last_sign_in_at,
  created_at,
  updated_at
) VALUES (
  'a1b2c3d4-e5f6-7890-abcd-ef1234567890',
  'a1b2c3d4-e5f6-7890-abcd-ef1234567890',
  'demo@gmail.com',
  'email',
  '{"sub": "a1b2c3d4-e5f6-7890-abcd-ef1234567890", "email": "demo@gmail.com", "email_verified": true}',
  NOW(),
  NOW(),
  NOW()
) ON CONFLICT DO NOTHING;

-- Profile is created automatically by trigger, but ensure it exists
INSERT INTO public.profiles (id, email, full_name)
VALUES ('a1b2c3d4-e5f6-7890-abcd-ef1234567890', 'demo@gmail.com', 'Demo User')
ON CONFLICT (id) DO NOTHING;

-- ============================================================================
-- ORGANIZATIONS
-- ============================================================================

INSERT INTO public.organizations (id, name, type, country, city, contact_email) VALUES
  ('11111111-1111-1111-1111-111111111111', 'Oslo Athletics Club', 'club', 'NOR', 'Oslo', 'contact@osloac.no'),
  ('22222222-2222-2222-2222-222222222222', 'Bergen IL', 'club', 'NOR', 'Bergen', 'post@bergenil.no'),
  ('33333333-3333-3333-3333-333333333333', 'Norwegian Athletics Federation', 'federation', 'NOR', 'Oslo', 'friidrett@nif.no');

-- Make demo user admin of Oslo Athletics Club
INSERT INTO public.organization_members (organization_id, user_id, role, accepted_at) VALUES
  ('11111111-1111-1111-1111-111111111111', 'a1b2c3d4-e5f6-7890-abcd-ef1234567890', 'admin', NOW());

-- ============================================================================
-- COMPETITIONS
-- ============================================================================

INSERT INTO public.competitions (id, organization_id, name, description, date, location, venue, status, created_by) VALUES
  (
    'aaaa1111-1111-1111-1111-111111111111',
    '11111111-1111-1111-1111-111111111111',
    'Oslo Spring Meet 2024',
    'Annual spring athletics meet at Bislett Stadium',
    '2024-11-30',
    'Oslo, Norway',
    'Bislett Stadium',
    'active',
    'a1b2c3d4-e5f6-7890-abcd-ef1234567890'
  ),
  (
    'bbbb2222-2222-2222-2222-222222222222',
    '11111111-1111-1111-1111-111111111111',
    'Indoor Championships 2024',
    'Regional indoor championships',
    '2024-12-15',
    'Oslo, Norway',
    'Olympiatoppen Indoor',
    'published',
    'a1b2c3d4-e5f6-7890-abcd-ef1234567890'
  ),
  (
    'cccc3333-3333-3333-3333-333333333333',
    '11111111-1111-1111-1111-111111111111',
    'Summer Classic 2025',
    'Premier summer track and field event',
    '2025-06-21',
    'Oslo, Norway',
    'Bislett Stadium',
    'draft',
    'a1b2c3d4-e5f6-7890-abcd-ef1234567890'
  );

-- ============================================================================
-- EVENTS for Oslo Spring Meet
-- ============================================================================

INSERT INTO public.events (id, competition_id, name, event_code, event_type, gender, age_group, round, scheduled_time, status, sort_order) VALUES
  -- Track events
  ('e1111111-1111-1111-1111-111111111111', 'aaaa1111-1111-1111-1111-111111111111', '100m Men Final', '100m', 'track', 'M', 'Senior', 'final', '2024-11-30 14:00:00', 'completed', 1),
  ('e2222222-2222-2222-2222-222222222222', 'aaaa1111-1111-1111-1111-111111111111', '100m Women Final', '100m', 'track', 'W', 'Senior', 'final', '2024-11-30 14:15:00', 'completed', 2),
  ('e3333333-3333-3333-3333-333333333333', 'aaaa1111-1111-1111-1111-111111111111', '200m Men Final', '200m', 'track', 'M', 'Senior', 'final', '2024-11-30 14:30:00', 'in_progress', 3),
  ('e4444444-4444-4444-4444-444444444444', 'aaaa1111-1111-1111-1111-111111111111', '800m Women Final', '800m', 'track', 'W', 'Senior', 'final', '2024-11-30 15:00:00', 'checkin', 4),
  ('e5555555-5555-5555-5555-555555555555', 'aaaa1111-1111-1111-1111-111111111111', '1500m Men Final', '1500m', 'track', 'M', 'Senior', 'final', '2024-11-30 15:30:00', 'scheduled', 5),
  -- Field events
  ('e6666666-6666-6666-6666-666666666666', 'aaaa1111-1111-1111-1111-111111111111', 'High Jump Men', 'HJ', 'field_vertical', 'M', 'Senior', 'final', '2024-11-30 13:00:00', 'completed', 6),
  ('e7777777-7777-7777-7777-777777777777', 'aaaa1111-1111-1111-1111-111111111111', 'Long Jump Women', 'LJ', 'field_horizontal', 'W', 'Senior', 'final', '2024-11-30 13:30:00', 'in_progress', 7),
  ('e8888888-8888-8888-8888-888888888888', 'aaaa1111-1111-1111-1111-111111111111', 'Shot Put Men', 'SP', 'throw', 'M', 'Senior', 'final', '2024-11-30 14:00:00', 'scheduled', 8),
  ('e9999999-9999-9999-9999-999999999999', 'aaaa1111-1111-1111-1111-111111111111', 'Pole Vault Women', 'PV', 'field_vertical', 'W', 'Senior', 'final', '2024-11-30 14:30:00', 'scheduled', 9);

-- ============================================================================
-- ATHLETES (using valid hex UUIDs)
-- ============================================================================

INSERT INTO public.athletes (id, first_name, last_name, date_of_birth, gender, nationality, club_name, license_number) VALUES
  -- Men
  ('a0000001-0001-0001-0001-000000000001', 'Jakob', 'Ingebrigtsen', '2000-09-19', 'M', 'NOR', 'Sandnes IL', 'NOR-2000-001'),
  ('a0000002-0002-0002-0002-000000000002', 'Karsten', 'Warholm', '1996-02-28', 'M', 'NOR', 'Dimna IL', 'NOR-1996-002'),
  ('a0000003-0003-0003-0003-000000000003', 'Henrik', 'Ingebrigtsen', '1991-02-24', 'M', 'NOR', 'Sandnes IL', 'NOR-1991-003'),
  ('a0000004-0004-0004-0004-000000000004', 'Filip', 'Ingebrigtsen', '1993-04-20', 'M', 'NOR', 'Sandnes IL', 'NOR-1993-004'),
  ('a0000005-0005-0005-0005-000000000005', 'Sondre', 'Moen', '1991-01-12', 'M', 'NOR', 'IL Gular', 'NOR-1991-005'),
  ('a0000006-0006-0006-0006-000000000006', 'Erik', 'Solberg', '1998-06-15', 'M', 'NOR', 'Oslo AC', 'NOR-1998-006'),
  ('a0000007-0007-0007-0007-000000000007', 'Magnus', 'Berg', '1999-03-22', 'M', 'NOR', 'Bergen IL', 'NOR-1999-007'),
  ('a0000008-0008-0008-0008-000000000008', 'Lars', 'Hansen', '1997-11-08', 'M', 'NOR', 'Trondheim FK', 'NOR-1997-008'),
  -- Women
  ('b0000001-0001-0001-0001-000000000001', 'Amalie', 'Iuel', '1994-04-17', 'W', 'NOR', 'Tjalve IL', 'NOR-1994-101'),
  ('b0000002-0002-0002-0002-000000000002', 'Hedda', 'Hynne', '1990-03-13', 'W', 'NOR', 'Tjalve IL', 'NOR-1990-102'),
  ('b0000003-0003-0003-0003-000000000003', 'Ingvild', 'Flugstad Oestberg', '1990-11-09', 'W', 'NOR', 'Gjoevik FK', 'NOR-1990-103'),
  ('b0000004-0004-0004-0004-000000000004', 'Therese', 'Johaug', '1988-06-25', 'W', 'NOR', 'IL Dalsbygda', 'NOR-1988-104'),
  ('b0000005-0005-0005-0005-000000000005', 'Kristin', 'Falk', '1997-09-30', 'W', 'NOR', 'Oslo AC', 'NOR-1997-105'),
  ('b0000006-0006-0006-0006-000000000006', 'Maria', 'Nordberg', '1999-07-14', 'W', 'NOR', 'Bergen IL', 'NOR-1999-106'),
  ('b0000007-0007-0007-0007-000000000007', 'Emma', 'Larsen', '2001-02-28', 'W', 'NOR', 'Trondheim FK', 'NOR-2001-107'),
  ('b0000008-0008-0008-0008-000000000008', 'Sofie', 'Olsen', '2000-05-12', 'W', 'NOR', 'Stavanger IF', 'NOR-2000-108');

-- ============================================================================
-- ENTRIES for 100m Men Final (with results)
-- ============================================================================

INSERT INTO public.entries (id, competition_id, event_id, athlete_id, bib_number, seed_mark, seed_mark_value, heat_number, lane_or_position, status) VALUES
  ('c1000001-0001-0001-0001-000000000001', 'aaaa1111-1111-1111-1111-111111111111', 'e1111111-1111-1111-1111-111111111111', 'a0000002-0002-0002-0002-000000000002', '1', '10.12', 10.12, 1, 4, 'checked_in'),
  ('c1000002-0002-0002-0002-000000000002', 'aaaa1111-1111-1111-1111-111111111111', 'e1111111-1111-1111-1111-111111111111', 'a0000006-0006-0006-0006-000000000006', '2', '10.34', 10.34, 1, 5, 'checked_in'),
  ('c1000003-0003-0003-0003-000000000003', 'aaaa1111-1111-1111-1111-111111111111', 'e1111111-1111-1111-1111-111111111111', 'a0000007-0007-0007-0007-000000000007', '3', '10.45', 10.45, 1, 6, 'checked_in'),
  ('c1000004-0004-0004-0004-000000000004', 'aaaa1111-1111-1111-1111-111111111111', 'e1111111-1111-1111-1111-111111111111', 'a0000008-0008-0008-0008-000000000008', '4', '10.52', 10.52, 1, 3, 'checked_in'),
  ('c1000005-0005-0005-0005-000000000005', 'aaaa1111-1111-1111-1111-111111111111', 'e1111111-1111-1111-1111-111111111111', 'a0000001-0001-0001-0001-000000000001', '5', '10.58', 10.58, 1, 7, 'checked_in'),
  ('c1000006-0006-0006-0006-000000000006', 'aaaa1111-1111-1111-1111-111111111111', 'e1111111-1111-1111-1111-111111111111', 'a0000003-0003-0003-0003-000000000003', '6', '10.67', 10.67, 1, 2, 'checked_in'),
  ('c1000007-0007-0007-0007-000000000007', 'aaaa1111-1111-1111-1111-111111111111', 'e1111111-1111-1111-1111-111111111111', 'a0000004-0004-0004-0004-000000000004', '7', '10.78', 10.78, 1, 8, 'checked_in'),
  ('c1000008-0008-0008-0008-000000000008', 'aaaa1111-1111-1111-1111-111111111111', 'e1111111-1111-1111-1111-111111111111', 'a0000005-0005-0005-0005-000000000005', '8', '10.89', 10.89, 1, 1, 'DNS');

-- Track results for 100m Men
INSERT INTO public.track_results (id, entry_id, time_ms, time_display, place, reaction_time_ms, wind, status) VALUES
  ('d1000001-0001-0001-0001-000000000001', 'c1000001-0001-0001-0001-000000000001', 10080, '10.08', 1, 145, 1.2, 'finished'),
  ('d1000002-0002-0002-0002-000000000002', 'c1000002-0002-0002-0002-000000000002', 10210, '10.21', 2, 152, 1.2, 'finished'),
  ('d1000003-0003-0003-0003-000000000003', 'c1000003-0003-0003-0003-000000000003', 10350, '10.35', 3, 168, 1.2, 'finished'),
  ('d1000004-0004-0004-0004-000000000004', 'c1000004-0004-0004-0004-000000000004', 10420, '10.42', 4, 138, 1.2, 'finished'),
  ('d1000005-0005-0005-0005-000000000005', 'c1000005-0005-0005-0005-000000000005', 10510, '10.51', 5, 171, 1.2, 'finished'),
  ('d1000006-0006-0006-0006-000000000006', 'c1000006-0006-0006-0006-000000000006', 10580, '10.58', 6, 155, 1.2, 'finished'),
  ('d1000007-0007-0007-0007-000000000007', 'c1000007-0007-0007-0007-000000000007', NULL, NULL, NULL, NULL, 1.2, 'DNF'),
  ('d1000008-0008-0008-0008-000000000008', 'c1000008-0008-0008-0008-000000000008', NULL, NULL, NULL, NULL, NULL, 'DNS');

-- Update event wind reading
UPDATE public.events SET wind_reading = 1.2 WHERE id = 'e1111111-1111-1111-1111-111111111111';

-- ============================================================================
-- ENTRIES for 100m Women Final (with results)
-- ============================================================================

INSERT INTO public.entries (id, competition_id, event_id, athlete_id, bib_number, seed_mark, seed_mark_value, heat_number, lane_or_position, status) VALUES
  ('c2000001-0001-0001-0001-000000000001', 'aaaa1111-1111-1111-1111-111111111111', 'e2222222-2222-2222-2222-222222222222', 'b0000001-0001-0001-0001-000000000001', '101', '11.45', 11.45, 1, 4, 'checked_in'),
  ('c2000002-0002-0002-0002-000000000002', 'aaaa1111-1111-1111-1111-111111111111', 'e2222222-2222-2222-2222-222222222222', 'b0000005-0005-0005-0005-000000000005', '102', '11.78', 11.78, 1, 5, 'checked_in'),
  ('c2000003-0003-0003-0003-000000000003', 'aaaa1111-1111-1111-1111-111111111111', 'e2222222-2222-2222-2222-222222222222', 'b0000006-0006-0006-0006-000000000006', '103', '11.92', 11.92, 1, 6, 'checked_in'),
  ('c2000004-0004-0004-0004-000000000004', 'aaaa1111-1111-1111-1111-111111111111', 'e2222222-2222-2222-2222-222222222222', 'b0000007-0007-0007-0007-000000000007', '104', '12.05', 12.05, 1, 3, 'checked_in'),
  ('c2000005-0005-0005-0005-000000000005', 'aaaa1111-1111-1111-1111-111111111111', 'e2222222-2222-2222-2222-222222222222', 'b0000008-0008-0008-0008-000000000008', '105', '12.15', 12.15, 1, 7, 'checked_in'),
  ('c2000006-0006-0006-0006-000000000006', 'aaaa1111-1111-1111-1111-111111111111', 'e2222222-2222-2222-2222-222222222222', 'b0000002-0002-0002-0002-000000000002', '106', '12.28', 12.28, 1, 2, 'checked_in');

-- Track results for 100m Women
INSERT INTO public.track_results (id, entry_id, time_ms, time_display, place, reaction_time_ms, wind, status) VALUES
  ('d2000001-0001-0001-0001-000000000001', 'c2000001-0001-0001-0001-000000000001', 11320, '11.32', 1, 142, 0.8, 'finished'),
  ('d2000002-0002-0002-0002-000000000002', 'c2000002-0002-0002-0002-000000000002', 11650, '11.65', 2, 155, 0.8, 'finished'),
  ('d2000003-0003-0003-0003-000000000003', 'c2000003-0003-0003-0003-000000000003', 11780, '11.78', 3, 161, 0.8, 'finished'),
  ('d2000004-0004-0004-0004-000000000004', 'c2000004-0004-0004-0004-000000000004', 11920, '11.92', 4, 148, 0.8, 'finished'),
  ('d2000005-0005-0005-0005-000000000005', 'c2000005-0005-0005-0005-000000000005', 12050, '12.05', 5, 168, 0.8, 'finished'),
  ('d2000006-0006-0006-0006-000000000006', 'c2000006-0006-0006-0006-000000000006', 12180, '12.18', 6, 159, 0.8, 'finished');

UPDATE public.events SET wind_reading = 0.8 WHERE id = 'e2222222-2222-2222-2222-222222222222';

-- ============================================================================
-- ENTRIES for 200m Men (in progress, no results yet)
-- ============================================================================

INSERT INTO public.entries (id, competition_id, event_id, athlete_id, bib_number, seed_mark, seed_mark_value, heat_number, lane_or_position, status) VALUES
  ('c3000001-0001-0001-0001-000000000001', 'aaaa1111-1111-1111-1111-111111111111', 'e3333333-3333-3333-3333-333333333333', 'a0000002-0002-0002-0002-000000000002', '1', '20.45', 20.45, 1, 4, 'checked_in'),
  ('c3000002-0002-0002-0002-000000000002', 'aaaa1111-1111-1111-1111-111111111111', 'e3333333-3333-3333-3333-333333333333', 'a0000006-0006-0006-0006-000000000006', '2', '21.12', 21.12, 1, 5, 'checked_in'),
  ('c3000003-0003-0003-0003-000000000003', 'aaaa1111-1111-1111-1111-111111111111', 'e3333333-3333-3333-3333-333333333333', 'a0000007-0007-0007-0007-000000000007', '3', '21.34', 21.34, 1, 6, 'checked_in'),
  ('c3000004-0004-0004-0004-000000000004', 'aaaa1111-1111-1111-1111-111111111111', 'e3333333-3333-3333-3333-333333333333', 'a0000008-0008-0008-0008-000000000008', '4', '21.56', 21.56, 1, 3, 'checked_in');

-- ============================================================================
-- ENTRIES for High Jump Men (with vertical results)
-- ============================================================================

INSERT INTO public.entries (id, competition_id, event_id, athlete_id, bib_number, seed_mark, seed_mark_value, lane_or_position, status) VALUES
  ('c6000001-0001-0001-0001-000000000001', 'aaaa1111-1111-1111-1111-111111111111', 'e6666666-6666-6666-6666-666666666666', 'a0000006-0006-0006-0006-000000000006', '2', '2.10', 2.10, 1, 'checked_in'),
  ('c6000002-0002-0002-0002-000000000002', 'aaaa1111-1111-1111-1111-111111111111', 'e6666666-6666-6666-6666-666666666666', 'a0000007-0007-0007-0007-000000000007', '3', '2.05', 2.05, 2, 'checked_in'),
  ('c6000003-0003-0003-0003-000000000003', 'aaaa1111-1111-1111-1111-111111111111', 'e6666666-6666-6666-6666-666666666666', 'a0000008-0008-0008-0008-000000000008', '4', '2.00', 2.00, 3, 'checked_in'),
  ('c6000004-0004-0004-0004-000000000004', 'aaaa1111-1111-1111-1111-111111111111', 'e6666666-6666-6666-6666-666666666666', 'a0000004-0004-0004-0004-000000000004', '7', '1.95', 1.95, 4, 'checked_in');

-- Vertical results for High Jump (heights in meters)
INSERT INTO public.vertical_results (id, entry_id, best_height, total_attempts, total_misses, misses_at_best, status, place) VALUES
  ('f6000001-0001-0001-0001-000000000001', 'c6000001-0001-0001-0001-000000000001', 2.15, 8, 2, 0, 'eliminated', 1),
  ('f6000002-0002-0002-0002-000000000002', 'c6000002-0002-0002-0002-000000000002', 2.10, 7, 2, 1, 'eliminated', 2),
  ('f6000003-0003-0003-0003-000000000003', 'c6000003-0003-0003-0003-000000000003', 2.05, 6, 3, 2, 'eliminated', 3),
  ('f6000004-0004-0004-0004-000000000004', 'c6000004-0004-0004-0004-000000000004', 2.00, 5, 3, 1, 'eliminated', 4);

-- Vertical attempts for High Jump (heights in meters)
INSERT INTO public.vertical_attempts (result_id, height, attempt_number, outcome) VALUES
  -- Athlete 1 (Erik Solberg) - 2.15 winner
  ('f6000001-0001-0001-0001-000000000001', 1.90, 1, 'o'),
  ('f6000001-0001-0001-0001-000000000001', 1.95, 1, 'o'),
  ('f6000001-0001-0001-0001-000000000001', 2.00, 1, 'o'),
  ('f6000001-0001-0001-0001-000000000001', 2.05, 1, 'o'),
  ('f6000001-0001-0001-0001-000000000001', 2.10, 1, 'x'),
  ('f6000001-0001-0001-0001-000000000001', 2.10, 2, 'o'),
  ('f6000001-0001-0001-0001-000000000001', 2.15, 1, 'o'),
  ('f6000001-0001-0001-0001-000000000001', 2.18, 1, 'x'),
  ('f6000001-0001-0001-0001-000000000001', 2.18, 2, 'x'),
  ('f6000001-0001-0001-0001-000000000001', 2.18, 3, 'x'),
  -- Athlete 2 (Magnus Berg) - 2.10
  ('f6000002-0002-0002-0002-000000000002', 1.90, 1, 'o'),
  ('f6000002-0002-0002-0002-000000000002', 1.95, 1, 'o'),
  ('f6000002-0002-0002-0002-000000000002', 2.00, 1, 'o'),
  ('f6000002-0002-0002-0002-000000000002', 2.05, 1, 'x'),
  ('f6000002-0002-0002-0002-000000000002', 2.05, 2, 'o'),
  ('f6000002-0002-0002-0002-000000000002', 2.10, 1, 'x'),
  ('f6000002-0002-0002-0002-000000000002', 2.10, 2, 'o'),
  ('f6000002-0002-0002-0002-000000000002', 2.15, 1, 'x'),
  ('f6000002-0002-0002-0002-000000000002', 2.15, 2, 'x'),
  ('f6000002-0002-0002-0002-000000000002', 2.15, 3, 'x'),
  -- Athlete 3 (Lars Hansen) - 2.05
  ('f6000003-0003-0003-0003-000000000003', 1.90, 1, 'o'),
  ('f6000003-0003-0003-0003-000000000003', 1.95, 1, 'o'),
  ('f6000003-0003-0003-0003-000000000003', 2.00, 1, 'x'),
  ('f6000003-0003-0003-0003-000000000003', 2.00, 2, 'o'),
  ('f6000003-0003-0003-0003-000000000003', 2.05, 1, 'x'),
  ('f6000003-0003-0003-0003-000000000003', 2.05, 2, 'x'),
  ('f6000003-0003-0003-0003-000000000003', 2.05, 3, 'o'),
  ('f6000003-0003-0003-0003-000000000003', 2.10, 1, 'x'),
  ('f6000003-0003-0003-0003-000000000003', 2.10, 2, 'x'),
  ('f6000003-0003-0003-0003-000000000003', 2.10, 3, 'x'),
  -- Athlete 4 (Filip Ingebrigtsen) - 2.00
  ('f6000004-0004-0004-0004-000000000004', 1.90, 1, 'o'),
  ('f6000004-0004-0004-0004-000000000004', 1.95, 1, 'x'),
  ('f6000004-0004-0004-0004-000000000004', 1.95, 2, 'o'),
  ('f6000004-0004-0004-0004-000000000004', 2.00, 1, 'x'),
  ('f6000004-0004-0004-0004-000000000004', 2.00, 2, 'o'),
  ('f6000004-0004-0004-0004-000000000004', 2.05, 1, 'x'),
  ('f6000004-0004-0004-0004-000000000004', 2.05, 2, 'x'),
  ('f6000004-0004-0004-0004-000000000004', 2.05, 3, 'x');

-- ============================================================================
-- ENTRIES for Long Jump Women (with field results)
-- ============================================================================

INSERT INTO public.entries (id, competition_id, event_id, athlete_id, bib_number, seed_mark, seed_mark_value, lane_or_position, status) VALUES
  ('c7000001-0001-0001-0001-000000000001', 'aaaa1111-1111-1111-1111-111111111111', 'e7777777-7777-7777-7777-777777777777', 'b0000001-0001-0001-0001-000000000001', '101', '6.45', 6.45, 1, 'checked_in'),
  ('c7000002-0002-0002-0002-000000000002', 'aaaa1111-1111-1111-1111-111111111111', 'e7777777-7777-7777-7777-777777777777', 'b0000005-0005-0005-0005-000000000005', '102', '6.20', 6.20, 2, 'checked_in'),
  ('c7000003-0003-0003-0003-000000000003', 'aaaa1111-1111-1111-1111-111111111111', 'e7777777-7777-7777-7777-777777777777', 'b0000006-0006-0006-0006-000000000006', '103', '5.95', 5.95, 3, 'checked_in'),
  ('c7000004-0004-0004-0004-000000000004', 'aaaa1111-1111-1111-1111-111111111111', 'e7777777-7777-7777-7777-777777777777', 'b0000007-0007-0007-0007-000000000007', '104', '5.80', 5.80, 4, 'checked_in');

-- Field results for Long Jump
INSERT INTO public.field_results (id, entry_id, best_mark, best_mark_wind, best_legal_mark, attempts_taken, status, place) VALUES
  ('f7000001-0001-0001-0001-000000000001', 'c7000001-0001-0001-0001-000000000001', 658, 1.5, 658, 4, 'active', 1),
  ('f7000002-0002-0002-0002-000000000002', 'c7000002-0002-0002-0002-000000000002', 632, 0.8, 632, 4, 'active', 2),
  ('f7000003-0003-0003-0003-000000000003', 'c7000003-0003-0003-0003-000000000003', 608, 1.2, 608, 4, 'active', 3),
  ('f7000004-0004-0004-0004-000000000004', 'c7000004-0004-0004-0004-000000000004', 585, -0.3, 585, 4, 'active', 4);

-- Field attempts for Long Jump
INSERT INTO public.field_attempts (result_id, attempt_number, distance, wind, is_foul, is_pass) VALUES
  -- Athlete 1 (Amalie Iuel)
  ('f7000001-0001-0001-0001-000000000001', 1, 642, 1.2, false, false),
  ('f7000001-0001-0001-0001-000000000001', 2, NULL, NULL, true, false),
  ('f7000001-0001-0001-0001-000000000001', 3, 658, 1.5, false, false),
  ('f7000001-0001-0001-0001-000000000001', 4, 651, 0.5, false, false),
  -- Athlete 2 (Kristin Falk)
  ('f7000002-0002-0002-0002-000000000002', 1, 615, 0.4, false, false),
  ('f7000002-0002-0002-0002-000000000002', 2, 632, 0.8, false, false),
  ('f7000002-0002-0002-0002-000000000002', 3, NULL, NULL, true, false),
  ('f7000002-0002-0002-0002-000000000002', 4, 628, 1.1, false, false),
  -- Athlete 3 (Maria Nordberg)
  ('f7000003-0003-0003-0003-000000000003', 1, 592, 0.2, false, false),
  ('f7000003-0003-0003-0003-000000000003', 2, 608, 1.2, false, false),
  ('f7000003-0003-0003-0003-000000000003', 3, 601, -0.1, false, false),
  ('f7000003-0003-0003-0003-000000000003', 4, NULL, NULL, true, false),
  -- Athlete 4 (Emma Larsen)
  ('f7000004-0004-0004-0004-000000000004', 1, 578, 0.6, false, false),
  ('f7000004-0004-0004-0004-000000000004', 2, 585, -0.3, false, false),
  ('f7000004-0004-0004-0004-000000000004', 3, NULL, NULL, true, false),
  ('f7000004-0004-0004-0004-000000000004', 4, 580, 0.9, false, false);

-- ============================================================================
-- ENTRIES for scheduled events (no results yet)
-- ============================================================================

-- 800m Women entries
INSERT INTO public.entries (id, competition_id, event_id, athlete_id, bib_number, seed_mark, seed_mark_value, lane_or_position, status) VALUES
  ('c4000001-0001-0001-0001-000000000001', 'aaaa1111-1111-1111-1111-111111111111', 'e4444444-4444-4444-4444-444444444444', 'b0000002-0002-0002-0002-000000000002', '106', '2:02.45', 122.45, 1, 'registered'),
  ('c4000002-0002-0002-0002-000000000002', 'aaaa1111-1111-1111-1111-111111111111', 'e4444444-4444-4444-4444-444444444444', 'b0000003-0003-0003-0003-000000000003', '107', '2:05.12', 125.12, 2, 'registered'),
  ('c4000003-0003-0003-0003-000000000003', 'aaaa1111-1111-1111-1111-111111111111', 'e4444444-4444-4444-4444-444444444444', 'b0000004-0004-0004-0004-000000000004', '108', '2:08.34', 128.34, 3, 'registered');

-- 1500m Men entries
INSERT INTO public.entries (id, competition_id, event_id, athlete_id, bib_number, seed_mark, seed_mark_value, lane_or_position, status) VALUES
  ('c5000001-0001-0001-0001-000000000001', 'aaaa1111-1111-1111-1111-111111111111', 'e5555555-5555-5555-5555-555555555555', 'a0000001-0001-0001-0001-000000000001', '5', '3:28.32', 208.32, 1, 'registered'),
  ('c5000002-0002-0002-0002-000000000002', 'aaaa1111-1111-1111-1111-111111111111', 'e5555555-5555-5555-5555-555555555555', 'a0000003-0003-0003-0003-000000000003', '6', '3:32.45', 212.45, 2, 'registered'),
  ('c5000003-0003-0003-0003-000000000003', 'aaaa1111-1111-1111-1111-111111111111', 'e5555555-5555-5555-5555-555555555555', 'a0000004-0004-0004-0004-000000000004', '7', '3:35.67', 215.67, 3, 'registered'),
  ('c5000004-0004-0004-0004-000000000004', 'aaaa1111-1111-1111-1111-111111111111', 'e5555555-5555-5555-5555-555555555555', 'a0000005-0005-0005-0005-000000000005', '8', '3:38.90', 218.90, 4, 'registered');

-- Shot Put Men entries
INSERT INTO public.entries (id, competition_id, event_id, athlete_id, bib_number, seed_mark, seed_mark_value, lane_or_position, status) VALUES
  ('c8000001-0001-0001-0001-000000000001', 'aaaa1111-1111-1111-1111-111111111111', 'e8888888-8888-8888-8888-888888888888', 'a0000007-0007-0007-0007-000000000007', '3', '18.50', 18.50, 1, 'registered'),
  ('c8000002-0002-0002-0002-000000000002', 'aaaa1111-1111-1111-1111-111111111111', 'e8888888-8888-8888-8888-888888888888', 'a0000008-0008-0008-0008-000000000008', '4', '17.25', 17.25, 2, 'registered');

-- Pole Vault Women entries
INSERT INTO public.entries (id, competition_id, event_id, athlete_id, bib_number, seed_mark, seed_mark_value, lane_or_position, status) VALUES
  ('c9000001-0001-0001-0001-000000000001', 'aaaa1111-1111-1111-1111-111111111111', 'e9999999-9999-9999-9999-999999999999', 'b0000005-0005-0005-0005-000000000005', '102', '4.20', 4.20, 1, 'registered'),
  ('c9000002-0002-0002-0002-000000000002', 'aaaa1111-1111-1111-1111-111111111111', 'e9999999-9999-9999-9999-999999999999', 'b0000006-0006-0006-0006-000000000006', '103', '4.00', 4.00, 2, 'registered'),
  ('c9000003-0003-0003-0003-000000000003', 'aaaa1111-1111-1111-1111-111111111111', 'e9999999-9999-9999-9999-999999999999', 'b0000007-0007-0007-0007-000000000007', '104', '3.80', 3.80, 3, 'registered');

-- ============================================================================
-- Done! The demo account is ready:
-- Email: demo@gmail.com
-- Password: password
-- ============================================================================
